{
  "company_mac": "0021cc,000c29,8c89a5,001b21,009c02,009c04,4ccc6a",
  "dhcp_dns": "114.114.114.114,8.8.8.8",
  "dhcp_switch": 0,
  "dhcp_time": 3600,
  "host_block_config": "100,100,25,50",
  "host_status_switch": 1,
  "host_status_ttl": 25000,
  "linux_per": 40,
  "linux_port": "37,63,79,115,143,194,2601,4899,5800,5631,5632",
  "mac_filter_switch": 0,
  "mgt1_ip": "192.168.2.1/24",
  "mgt2_ip": "192.168.3.1/24",
  "rip_access_switch": 0,
  "server_per": 30,
  "server_port": "21,22,23,25,53,67,69,80,110,119,443,3306,8080",
  "vip_alter_time": 300,
  "virtual_port_percent": 60,
  "vname_alter_time": 600,
  "vnetwork_alter_time": 3600,
  "windows_per": 30,
  "windows_port": "31,42,47,68,135,137,139,161,162,445,1433,3389,8000",
  "log_server": [
    {
      "host": "127.0.0.1",
      "port": 30000,
      "switch": 1,
      "type": "1,4,5,6,7,8,9"
    }
  ],
  "rip_mask": [
    {
      "groupid": 1,
      "mask": "255.255.0.0",
      "rip": "172.16.0.0",
      "vlanid": 0
    },
    {
      "groupid": 2,
      "mask": "255.255.0.0",
      "rip": "172.16.0.0",
      "vlanid": 0
    }
  ],
  "vip_mask": [
    {
      "groupid": 1,
      "mask": "255.255.0.0",
      "vip": "10.1.0.0",
      "vlanid": 0
    },
    {
      "groupid": 2,
      "mask": "255.255.0.0",
      "vip": "10.1.0.0",
      "vlanid": 0
    }
  ],
  "wip_mask": [
    {
      "gateway": "10.168.10.1",
      "groupid": 1,
      "mask": "255.255.0.0",
      "vlanid": 0,
      "wip": "10.168.10.0"
    },
    {
      "gateway": "10.168.10.1",
      "groupid": 2,
      "mask": "255.255.0.0",
      "vlanid": 0,
      "wip": "10.168.10.0"
    }
  ],
  "sntp_enable": 0,
  "sntp_host": "",
  "sntp_sync_interval": 0
}
