{
  "index/Customs/recharge": [
    {
      "name": "用户充值",
      "module": "用户管理",
      "error_code": 0,
      "type": "update",
      "status": "info",
      "params": [
        "amount"
      ],
      "content": "系统已为您成功充值{amount}元。如您对充值金额有任何问题，请及时联系客服。"
    },
    {
      "name": "用户充值",
      "module": "用户管理",
      "error_code": 10016,
      "type": "update",
      "status": "notice",
      "params": [],
      "content": "客户不存在，请检查后再充值！"
    },
    {
      "name": "用户充值",
      "module": "用户管理",
      "error_code": 11000,
      "type": "update",
      "status": "notice",
      "params": [],
      "content": "参数不合法！"
    },
    {
      "name": "用户充值",
      "module": "用户管理",
      "error_code": 11033,
      "type": "update",
      "status": "notice",
      "params": [],
      "content": "充值提醒发送失败！"
    },
    {
      "name": "用户充值",
      "module": "用户管理",
      "error_code": 11034,
      "type": "update",
      "status": "notice",
      "params": [],
      "content": "图片不能为空！"
    }
  ],
  "index/Sessions/create": [
    {
      "name": "登录",
      "module": "登录",
      "error_code": 0,
      "type": "select",
      "status": "info",
      "params": [
        "decrypt_email"
      ],
      "content": "管理员{decrypt_email}登录成功"
    },
    {
      "name": "登录",
      "module": "登录",
      "error_code": 11000,
      "type": "select",
      "status": "notice",
      "params": [],
      "content": "参数不合法！"
    },
    {
      "name": "登录",
      "module": "登录",
      "error_code": 11003,
      "type": "select",
      "status": "notice",
      "params": [],
      "content": "验证码错误！"
    },
    {
      "name": "登录",
      "module": "登录",
      "error_code": 10003,
      "type": "select",
      "status": "notice",
      "params": [],
      "content": "密码不正确！"
    },
    {
      "name": "登录",
      "module": "登录",
      "error_code": 13001,
      "type": "select",
      "status": "notice",
      "params": [],
      "content": "账户不存在！"
    },
    {
      "name": "登录",
      "module": "登录",
      "error_code": 14001,
      "type": "select",
      "status": "notice",
      "params": [],
      "content": "非法操作！"
    }
  ],
  "index/Sessions/destroy": [
    {
      "name": "退出登录",
      "module": "登录",
      "error_code": 0,
      "type": "select",
      "status": "info",
      "params": [],
      "content": "管理员退出登录成功"
    }
  ],
  "index/Admins/create": [
    {
      "name": "添加管理员",
      "module": "用户管理",
      "error_code": 0,
      "type": "select",
      "status": "info",
      "params": [
        "username"
      ],
      "content": "成功新增管理员{username}"
    },
    {
      "name": "添加管理员",
      "module": "用户管理",
      "error_code": 11000,
      "type": "select",
      "status": "notice",
      "params": [],
      "content": "参数不合法！"
    },
    {
      "name": "添加管理员",
      "module": "用户管理",
      "error_code": 11001,
      "type": "select",
      "status": "notice",
      "params": [],
      "content": "用户名已经存在！"
    },
    {
      "name": "添加管理员",
      "module": "用户管理",
      "error_code": 20000,
      "type": "select",
      "status": "error",
      "params": [],
      "content": "数据库操作失败！"
    }
  ],
  "index/Admins/bundleDelete": [
    {
      "name": "删除管理员",
      "module": "用户管理",
      "error_code": 0,
      "type": "delete",
      "status": "info",
      "params": [],
      "content": "系统成功删除管理员"
    },
    {
      "name": "删除管理员",
      "module": "用户管理",
      "error_code": 11000,
      "type": "delete",
      "status": "notice",
      "params": [],
      "content": "参数不合法！"
    },
    {
      "name": "删除管理员",
      "module": "用户管理",
      "error_code": 14003,
      "type": "delete",
      "status": "notice",
      "params": [],
      "content": "禁止删除当前管理员！"
    },
    {
      "name": "删除管理员",
      "module": "用户管理",
      "error_code": 20000,
      "type": "delete",
      "status": "error",
      "params": [],
      "content": "数据库操作失败！"
    }
  ],
  "index/Admins/password": [
    {
      "name": "修改管理员密码",
      "module": "用户管理",
      "error_code": 0,
      "type": "update",
      "status": "info",
      "params": [
        "username"
      ],
      "content": "修改管理员{username}的密码成功"
    },
    {
      "name": "修改管理员密码",
      "module": "用户管理",
      "error_code": 11000,
      "type": "update",
      "status": "notice",
      "params": [],
      "content": "参数不合法！"
    },
    {
      "name": "修改管理员密码",
      "module": "用户管理",
      "error_code": 13001,
      "type": "update",
      "status": "notice",
      "params": [],
      "content": "该账户不存在！"
    },
    {
      "name": "修改管理员密码",
      "module": "用户管理",
      "error_code": 20000,
      "type": "update",
      "status": "error",
      "params": [],
      "content": "数据库操作失败！"
    }
  ],
  "index/Admins/username": [
    {
      "name": "修改管理员名字",
      "module": "用户管理",
      "error_code": 0,
      "type": "update",
      "status": "info",
      "params": [
        "username"
      ],
      "content": "修改管理员{username}的名字成功"
    },
    {
      "name": "修改管理员名字",
      "module": "用户管理",
      "error_code": 11000,
      "type": "update",
      "status": "notice",
      "params": [],
      "content": "参数不合法！"
    },
    {
      "name": "修改管理员名字",
      "module": "用户管理",
      "error_code": 11001,
      "type": "update",
      "status": "notice",
      "params": [],
      "content": "该名字已存在！"
    },
    {
      "name": "修改管理员名字",
      "module": "用户管理",
      "error_code": 13001,
      "type": "update",
      "status": "notice",
      "params": [],
      "content": "该账户不存在！"
    },
    {
      "name": "修改管理员名字",
      "module": "用户管理",
      "error_code": 20000,
      "type": "update",
      "status": "error",
      "params": [],
      "content": "数据库操作失败！"
    }
  ],
  "index/Customs/bundleDelete": [
    {
      "name": "删除用户",
      "module": "用户管理",
      "error_code": 0,
      "type": "delete",
      "status": "info",
      "params": [],
      "content": "管理员成功删除用户"
    },
    {
      "name": "删除用户",
      "module": "用户管理",
      "error_code": 11000,
      "type": "delete",
      "status": "notice",
      "params": [],
      "content": "参数不合法！"
    },
    {
      "name": "删除用户",
      "module": "用户管理",
      "error_code": 20000,
      "type": "delete",
      "status": "error",
      "params": [],
      "content": "数据库操作失败！"
    }
  ],
  "index/Customs/bundleSale": [
    {
      "name": "代理商绑定用户",
      "module": "代理商管理",
      "error_code": 0,
      "type": "update",
      "status": "info",
      "params": [
        "username"
      ],
      "content": "管理员为代理商{username}成功绑定用户"
    },
    {
      "name": "代理商绑定用户",
      "module": "代理商管理",
      "error_code": 13001,
      "type": "update",
      "status": "notice",
      "params": [],
      "content": "该客户不存在！"
    },
    {
      "name": "代理商绑定用户",
      "module": "代理商管理",
      "error_code": 11000,
      "type": "update",
      "status": "notice",
      "params": [],
      "content": "参数不合法！"
    },
    {
      "name": "代理商绑定用户",
      "module": "代理商管理",
      "error_code": 20000,
      "type": "update",
      "status": "error",
      "params": [],
      "content": "绑定客户失败！"
    }
  ],
  "client/Sessions/create": [
    {
      "name": "登录",
      "module": "登录 & 注册",
      "error_code": 0,
      "type": "select",
      "status": "info",
      "params": [
        "decrypt_email"
      ],
      "content": "用户{decrypt_email}登录成功"
    },
    {
      "name": "登录",
      "module": "登录 & 注册",
      "error_code": 11000,
      "type": "select",
      "status": "notice",
      "params": [],
      "content": "参数不合法！"
    },
    {
      "name": "登录",
      "module": "登录 & 注册",
      "error_code": 11003,
      "type": "select",
      "status": "notice",
      "params": [],
      "content": "验证码错误！"
    },
    {
      "name": "登录",
      "module": "登录 & 注册",
      "error_code": 10003,
      "type": "select",
      "status": "notice",
      "params": [],
      "content": "密码不正确！"
    },
    {
      "name": "登录",
      "module": "登录 & 注册",
      "error_code": 13001,
      "type": "select",
      "status": "notice",
      "params": [],
      "content": "账户不存在！"
    },
    {
      "name": "登录",
      "module": "登录 & 注册",
      "error_code": 14001,
      "type": "select",
      "status": "notice",
      "params": [],
      "content": "非法操作！"
    }
  ],
  "client/Sessions/destroy": [
    {
      "name": "退出登录",
      "module": "登录 & 注册",
      "error_code": 0,
      "type": "select",
      "status": "info",
      "params": [],
      "content": "用户退出登录成功"
    }
  ],
  "client/User.Users/create": [
    {
      "name": "注册",
      "module": "登录 & 注册",
      "error_code": 0,
      "type": "create",
      "status": "info",
      "params": [
        "email"
      ],
      "content": "用户{email}注册成功"
    },
    {
      "name": "注册",
      "module": "登录 & 注册",
      "error_code": 11000,
      "type": "create",
      "status": "notice",
      "params": [],
      "content": "参数不合法！"
    },
    {
      "name": "注册",
      "module": "登录 & 注册",
      "error_code": 11003,
      "type": "create",
      "status": "notice",
      "params": [],
      "content": "验证码错误！"
    },
    {
      "name": "注册",
      "module": "登录 & 注册",
      "error_code": 11002,
      "type": "create",
      "status": "notice",
      "params": [],
      "content": "该邮箱已注册！"
    },
    {
      "name": "注册",
      "module": "登录 & 注册",
      "error_code": 20000,
      "type": "create",
      "status": "error",
      "params": [],
      "content": "数据库操作失败！"
    }
  ],
  "client/User.Avatar/save": [
    {
      "name": "上传头像",
      "module": "个人资料",
      "error_code": 0,
      "type": "update",
      "status": "info",
      "params": [
        "email"
      ],
      "content": "用户{email}上传头像成功"
    },
    {
      "name": "上传头像",
      "module": "个人资料",
      "error_code": 14001,
      "type": "update",
      "status": "notice",
      "params": [],
      "content": "非法操作！"
    },
    {
      "name": "上传头像",
      "module": "个人资料",
      "error_code": 20000,
      "type": "update",
      "status": "error",
      "params": [],
      "content": "数据库操作失败！"
    }
  ],
  "client/User.Avatar/update": [
    {
      "name": "更新头像",
      "module": "个人资料",
      "error_code": 0,
      "type": "update",
      "status": "info",
      "params": [
        "email"
      ],
      "content": "用户{email}更新头像成功"
    },
    {
      "name": "更新头像",
      "module": "个人资料",
      "error_code": 14001,
      "type": "update",
      "status": "notice",
      "params": [],
      "content": "非法操作！"
    },
    {
      "name": "更新头像",
      "module": "个人资料",
      "error_code": 20000,
      "type": "update",
      "status": "error",
      "params": [],
      "content": "数据库操作失败！"
    }
  ],
  "client/User.Password/send": [
    {
      "name": "找回密码发送邮件验证码",
      "module": "个人资料",
      "error_code": 0,
      "type": "select",
      "status": "info",
      "params": [
        "email"
      ],
      "content": "用户{email}邮件发送成功！"
    },
    {
      "name": "找回密码发送邮件验证码",
      "module": "个人资料",
      "error_code": 11000,
      "type": "select",
      "status": "notice",
      "params": [],
      "content": "参数不合法！"
    },
    {
      "name": "找回密码发送邮件验证码",
      "module": "个人资料",
      "error_code": 11003,
      "type": "select",
      "status": "notice",
      "params": [],
      "content": "验证码错误！"
    },
    {
      "name": "找回密码发送邮件验证码",
      "module": "个人资料",
      "error_code": 11004,
      "type": "select",
      "status": "notice",
      "params": [
        "email"
      ],
      "content": "该邮箱{email}未注册！"
    },
    {
      "name": "找回密码发送邮件验证码",
      "module": "个人资料",
      "error_code": 11005,
      "type": "select",
      "status": "notice",
      "params": [],
      "content": "五分钟内只能发送一封邮件！"
    },
    {
      "name": "找回密码发送邮件验证码",
      "module": "个人资料",
      "error_code": 11006,
      "type": "select",
      "status": "error",
      "params": [
        "email"
      ],
      "content": "邮件{email}发送失败！"
    }
  ],
  "client/User.Password/update": [
    {
      "name": "修改密码",
      "module": "个人资料",
      "error_code": 0,
      "type": "update",
      "status": "info",
      "params": [
        "email"
      ],
      "content": "用户{email}修改密码成功！"
    },
    {
      "name": "修改密码",
      "module": "个人资料",
      "error_code": 11000,
      "type": "update",
      "status": "notice",
      "params": [],
      "content": "参数不合法！"
    },
    {
      "name": "修改密码",
      "module": "个人资料",
      "error_code": 11007,
      "type": "update",
      "status": "notice",
      "params": [],
      "content": "链接超时！"
    },
    {
      "name": "修改密码",
      "module": "个人资料",
      "error_code": 10003,
      "type": "update",
      "status": "notice",
      "params": [],
      "content": "密码错误！"
    },
    {
      "name": "修改密码",
      "module": "个人资料",
      "error_code": 20000,
      "type": "update",
      "status": "error",
      "params": [],
      "content": "数据库操作失败！"
    }
  ],
  "client/User.Realname/update": [
    {
      "name": "实名认证",
      "module": "个人资料",
      "error_code": 0,
      "type": "update",
      "status": "info",
      "params": [
        "email"
      ],
      "content": "用户{email}实名认证成功！"
    },
    {
      "name": "实名认证",
      "module": "个人资料",
      "error_code": 11000,
      "type": "update",
      "status": "notice",
      "params": [],
      "content": "参数不合法！"
    },
    {
      "name": "实名认证",
      "module": "个人资料",
      "error_code": 11003,
      "type": "update",
      "status": "notice",
      "params": [],
      "content": "验证码错误！"
    },
    {
      "name": "实名认证",
      "module": "个人资料",
      "error_code": 20000,
      "type": "update",
      "status": "error",
      "params": [],
      "content": "数据库操作失败！"
    }
  ],
  "client/User.Safemail/send": [
    {
      "name": "修改安全邮箱发送邮件验证码",
      "module": "个人资料",
      "error_code": 0,
      "type": "select",
      "status": "info",
      "params": [
        "email",
        "safemail"
      ],
      "content": "用户{email}的安全邮箱{safemail}邮件发送成功！"
    },
    {
      "name": "修改安全邮箱发送邮件验证码",
      "module": "个人资料",
      "error_code": 11000,
      "type": "select",
      "status": "notice",
      "params": [],
      "content": "参数不合法！"
    },
    {
      "name": "修改安全邮箱发送邮件验证码",
      "module": "个人资料",
      "error_code": 11008,
      "type": "select",
      "status": "notice",
      "params": [],
      "content": "该邮箱已设置为安全邮箱！"
    },
    {
      "name": "修改安全邮箱发送邮件验证码",
      "module": "个人资料",
      "error_code": 11009,
      "type": "select",
      "status": "notice",
      "params": [],
      "content": "请在一分钟后重新获取"
    },
    {
      "name": "修改安全邮箱发送邮件验证码",
      "module": "个人资料",
      "error_code": 11006,
      "type": "select",
      "status": "error",
      "params": [
        "email",
        "safemail"
      ],
      "content": "用户{email}的安全邮箱{safemail}邮件发送失败！"
    }
  ],
  "client/User.Safemail/update": [
    {
      "name": "修改安全邮箱",
      "module": "个人资料",
      "error_code": 0,
      "type": "update",
      "status": "info",
      "params": [
        "email"
      ],
      "content": "用户{email}修改安全邮箱成功！"
    },
    {
      "name": "修改安全邮箱",
      "module": "个人资料",
      "error_code": 11000,
      "type": "update",
      "status": "notice",
      "params": [],
      "content": "参数不合法！"
    },
    {
      "name": "修改安全邮箱",
      "module": "个人资料",
      "error_code": 11003,
      "type": "update",
      "status": "notice",
      "params": [],
      "content": "验证码错误！"
    },
    {
      "name": "修改安全邮箱",
      "module": "个人资料",
      "error_code": 20000,
      "type": "update",
      "status": "error",
      "params": [],
      "content": "数据库操作失败！"
    }
  ],
  "client/User.Safephone/send": [
    {
      "name": "修改安全手机发送手机验证码",
      "module": "个人资料",
      "error_code": 0,
      "type": "select",
      "status": "info",
      "params": [
        "email",
        "safephone"
      ],
      "content": "用户{email}的安全手机{safephone}验证码发送成功！"
    },
    {
      "name": "修改安全手机发送手机验证码",
      "module": "个人资料",
      "error_code": 11000,
      "type": "select",
      "status": "notice",
      "params": [],
      "content": "参数不合法！"
    },
    {
      "name": "修改安全手机发送手机验证码",
      "module": "个人资料",
      "error_code": 11010,
      "type": "select",
      "status": "notice",
      "params": [],
      "content": "该手机号已设置为安全手机！"
    },
    {
      "name": "修改安全手机发送手机验证码",
      "module": "个人资料",
      "error_code": 11011,
      "type": "select",
      "status": "notice",
      "params": [
        "email",
        "safephone"
      ],
      "content": "用户{email}的安全手机{safephone}验证码发送过于频繁，请稍后重试！"
    },
    {
      "name": "修改安全手机发送手机验证码",
      "module": "个人资料",
      "error_code": 11012,
      "type": "select",
      "status": "error",
      "params": [
        "email",
        "safephone"
      ],
      "content": "用户{email}的安全邮箱{safephone}邮件发送失败！"
    }
  ],
  "client/User.Safephone/update": [
    {
      "name": "修改安全手机",
      "module": "个人资料",
      "error_code": 0,
      "type": "update",
      "status": "info",
      "params": [
        "email"
      ],
      "content": "用户{email}修改安全手机成功！"
    },
    {
      "name": "修改安全手机",
      "module": "个人资料",
      "error_code": 11000,
      "type": "update",
      "status": "notice",
      "params": [],
      "content": "参数不合法！"
    },
    {
      "name": "修改安全手机",
      "module": "个人资料",
      "error_code": 11003,
      "type": "update",
      "status": "notice",
      "params": [],
      "content": "验证码错误！"
    },
    {
      "name": "修改安全手机",
      "module": "个人资料",
      "error_code": 20000,
      "type": "update",
      "status": "error",
      "params": [],
      "content": "数据库操作失败！"
    }
  ],
  "index/Order/update": [
    {
      "name": "订单改价",
      "module": "订单管理",
      "error_code": 0,
      "type": "update",
      "status": "info",
      "params": [
        "id",
        "final_fee"
      ],
      "content": "系统已将您的订单{id}成功改价为{final_fee}元"
    },
    {
      "name": "订单改价",
      "module": "订单管理",
      "error_code": 11000,
      "type": "update",
      "status": "notice",
      "params": [],
      "content": "参数不合法！"
    },
    {
      "name": "订单改价",
      "module": "订单管理",
      "error_code": 10003,
      "type": "update",
      "status": "notice",
      "params": [],
      "content": "密码错误！"
    },
    {
      "name": "订单改价",
      "module": "订单管理",
      "error_code": 11013,
      "type": "update",
      "status": "notice",
      "params": [],
      "content": "优惠价格不能大于原订单金额！"
    },
    {
      "name": "订单改价",
      "module": "订单管理",
      "error_code": 11014,
      "type": "update",
      "status": "notice",
      "params": [],
      "content": "优惠金额不能为空！"
    },
    {
      "name": "订单改价",
      "module": "订单管理",
      "error_code": 20000,
      "type": "update",
      "status": "error",
      "params": [],
      "content": "修改订单失败！"
    }
  ],
  "index/Order/destroy": [
    {
      "name": "订单作废",
      "module": "订单管理",
      "error_code": 0,
      "type": "update",
      "status": "info",
      "params": [
        "id"
      ],
      "content": "订单{id}已作废"
    },
    {
      "name": "订单作废",
      "module": "订单管理",
      "error_code": 11000,
      "type": "update",
      "status": "notice",
      "params": [
        "id"
      ],
      "content": "订单{id}参数不合法！"
    },
    {
      "name": "订单作废",
      "module": "订单管理",
      "error_code": 20000,
      "type": "update",
      "status": "error",
      "params": [
        "id"
      ],
      "content": "订单{id}作废失败！"
    }
  ],
  "index/Order/remindOrder": [
    {
      "name": "支付提醒",
      "module": "订单管理",
      "error_code": 0,
      "type": "select",
      "status": "info",
      "params": [
        "id"
      ],
      "content": "订单{id}已成功发送支付提醒"
    },
    {
      "name": "支付提醒",
      "module": "订单管理",
      "error_code": 13001,
      "type": "select",
      "status": "notice",
      "params": [
        "id"
      ],
      "content": "订单{id}未找到！"
    },
    {
      "name": "支付提醒",
      "module": "订单管理",
      "error_code": 11015,
      "type": "select",
      "status": "notice",
      "params": [
        "id",
        "minutes"
      ],
      "content": "{minutes}分钟后，订单{id}可再次发送支付提醒！"
    },
    {
      "name": "支付提醒",
      "module": "订单管理",
      "error_code": 20000,
      "type": "select",
      "status": "error",
      "params": [],
      "content": "订单{id}更新失败！"
    },
    {
      "name": "支付提醒",
      "module": "订单管理",
      "error_code": 11016,
      "type": "select",
      "status": "notice",
      "params": [
        "id"
      ],
      "content": "订单{id}支付提醒发送失败"
    },
    {
      "name": "支付提醒",
      "module": "订单管理",
      "error_code": 14000,
      "type": "select",
      "status": "notice",
      "params": [
        "id"
      ],
      "content": "订单{id}操作异常！"
    }
  ],
  "index/Product.Product/create": [
    {
      "name": "新增商品",
      "module": "商品管理",
      "error_code": 0,
      "type": "create",
      "status": "info",
      "params": [
        "product_name"
      ],
      "content": "商品{product_name}已新增成功"
    },
    {
      "name": "新增商品",
      "module": "商品管理",
      "error_code": 11000,
      "type": "create",
      "status": "notice",
      "params": [],
      "content": "参数不合法！"
    },
    {
      "name": "新增商品",
      "module": "商品管理",
      "error_code": 11017,
      "type": "create",
      "status": "error",
      "params": [
        "product_name"
      ],
      "content": "商品{product_name}名字已存在！"
    },
    {
      "name": "新增商品",
      "module": "商品管理",
      "error_code": 20000,
      "type": "create",
      "status": "error",
      "params": [
        "product_name"
      ],
      "content": "商品{product_name}新增失败！"
    }
  ],
  "index/Product.Product/update": [
    {
      "name": "修改商品",
      "module": "商品管理",
      "error_code": 0,
      "type": "update",
      "status": "info",
      "params": [
        "product_name"
      ],
      "content": "商品{product_name}已修改成功"
    },
    {
      "name": "修改商品",
      "module": "商品管理",
      "error_code": 11000,
      "type": "update",
      "status": "notice",
      "params": [],
      "content": "参数不合法！"
    },
    {
      "name": "修改商品",
      "module": "商品管理",
      "error_code": 13001,
      "type": "update",
      "status": "notice",
      "params": [],
      "content": "该商品不存在！"
    },
    {
      "name": "修改商品",
      "module": "商品管理",
      "error_code": 11017,
      "type": "update",
      "status": "error",
      "params": [
        "product_name"
      ],
      "content": "商品{product_name}名字已存在！"
    },
    {
      "name": "修改商品",
      "module": "商品管理",
      "error_code": 20000,
      "type": "update",
      "status": "error",
      "params": [
        "product_name"
      ],
      "content": "商品{product_name}修改失败！"
    }
  ],
  "index/Product.Product/bundleDelete": [
    {
      "name": "删除商品",
      "module": "商品管理",
      "error_code": 0,
      "type": "delete",
      "status": "info",
      "params": [],
      "content": "商品已删除成功"
    },
    {
      "name": "删除商品",
      "module": "商品管理",
      "error_code": 11000,
      "type": "delete",
      "status": "notice",
      "params": [],
      "content": "参数不合法！"
    },
    {
      "name": "删除商品",
      "module": "商品管理",
      "error_code": 20000,
      "type": "delete",
      "status": "error",
      "params": [],
      "content": "商品删除失败！"
    },
    {
      "name": "删除商品",
      "module": "商品管理",
      "error_code": 11018,
      "type": "delete",
      "status": "notice",
      "params": [],
      "content": "请先删除该商品下的相关定价！"
    }
  ],
  "index/Product.ProductSku/create": [
    {
      "name": "新增商品定价",
      "module": "商品管理",
      "error_code": 0,
      "type": "create",
      "status": "info",
      "params": [],
      "content": "商品定价已新增成功"
    },
    {
      "name": "新增商品定价",
      "module": "商品管理",
      "error_code": 11000,
      "type": "create",
      "status": "notice",
      "params": [],
      "content": "参数不合法！"
    },
    {
      "name": "新增商品定价",
      "module": "商品管理",
      "error_code": 20000,
      "type": "create",
      "status": "error",
      "params": [],
      "content": "商品定价新增失败！"
    },
    {
      "name": "新增商品定价",
      "module": "商品管理",
      "error_code": 11019,
      "type": "create",
      "status": "notice",
      "params": [],
      "content": "该地区线路商品定价已存在！"
    }
  ],
  "index/Product.ProductSku/update": [
    {
      "name": "修改商品定价",
      "module": "商品管理",
      "error_code": 0,
      "type": "update",
      "status": "info",
      "params": [],
      "content": "商品定价已修改成功"
    },
    {
      "name": "修改商品定价",
      "module": "商品管理",
      "error_code": 11000,
      "type": "update",
      "status": "notice",
      "params": [],
      "content": "参数不合法！"
    },
    {
      "name": "修改商品定价",
      "module": "商品管理",
      "error_code": 20000,
      "type": "update",
      "status": "error",
      "params": [],
      "content": "商品定价修改失败！"
    },
    {
      "name": "修改商品定价",
      "module": "商品管理",
      "error_code": 13001,
      "type": "update",
      "status": "notice",
      "params": [],
      "content": "该商品定价不存在！"
    }
  ],
  "index/Product.ProductSku/bundleDelete": [
    {
      "name": "删除商品定价",
      "module": "商品管理",
      "error_code": 0,
      "type": "delete",
      "status": "info",
      "params": [],
      "content": "商品定价已删除成功"
    },
    {
      "name": "删除商品定价",
      "module": "商品管理",
      "error_code": 11000,
      "type": "delete",
      "status": "notice",
      "params": [],
      "content": "参数不合法！"
    },
    {
      "name": "删除商品定价",
      "module": "商品管理",
      "error_code": 20000,
      "type": "delete",
      "status": "error",
      "params": [],
      "content": "商品定价删除失败！"
    }
  ],
  "index/Site/bundleDelete": [
    {
      "name": "删除网站防护",
      "module": "应用管理",
      "error_code": 0,
      "type": "delete",
      "status": "info",
      "params": [],
      "content": "网站防护已删除成功"
    },
    {
      "name": "删除网站防护",
      "module": "应用管理",
      "error_code": 11000,
      "type": "delete",
      "status": "notice",
      "params": [],
      "content": "参数不合法！"
    },
    {
      "name": "删除网站防护",
      "module": "应用管理",
      "error_code": 20000,
      "type": "delete",
      "status": "error",
      "params": [],
      "content": "网站防护删除失败！"
    }
  ],
  "index/UserApps/bundleDelete": [
    {
      "name": "删除应用防护",
      "module": "应用管理",
      "error_code": 0,
      "type": "delete",
      "status": "info",
      "params": [],
      "content": "应用防护已删除成功"
    },
    {
      "name": "删除应用防护",
      "module": "应用管理",
      "error_code": 11000,
      "type": "delete",
      "status": "notice",
      "params": [],
      "content": "参数不合法！"
    },
    {
      "name": "删除应用防护",
      "module": "应用管理",
      "error_code": 20000,
      "type": "delete",
      "status": "error",
      "params": [],
      "content": "应用防护删除失败！"
    }
  ],
  "index/ProxyNodes/create": [
    {
      "name": "新增高防节点",
      "module": "资源管理",
      "error_code": 0,
      "type": "create",
      "status": "info",
      "params": [],
      "content": "高防节点已新增成功"
    },
    {
      "name": "新增高防节点",
      "module": "资源管理",
      "error_code": 11020,
      "type": "create",
      "status": "notice",
      "params": [],
      "content": "高防节点配置有误"
    },
    {
      "name": "新增高防节点",
      "module": "资源管理",
      "error_code": 11021,
      "type": "create",
      "status": "notice",
      "params": [],
      "content": "网站上限设置错误"
    },
    {
      "name": "新增高防节点",
      "module": "资源管理",
      "error_code": 11022,
      "type": "create",
      "status": "notice",
      "params": [],
      "content": "高防节点添加重复"
    },
    {
      "name": "新增高防节点",
      "module": "资源管理",
      "error_code": 20000,
      "type": "create",
      "status": "error",
      "params": [],
      "content": "高防节点新增失败！"
    }
  ],
  "index/ProxyNodes/bundleDelete": [
    {
      "name": "删除高防节点",
      "module": "资源管理",
      "error_code": 0,
      "type": "delete",
      "status": "info",
      "params": [],
      "content": "高防节点已删除成功"
    },
    {
      "name": "删除高防节点",
      "module": "资源管理",
      "error_code": 11000,
      "type": "delete",
      "status": "notice",
      "params": [],
      "content": "参数不合法！"
    },
    {
      "name": "删除高防节点",
      "module": "资源管理",
      "error_code": 20000,
      "type": "delete",
      "status": "error",
      "params": [],
      "content": "高防节点删除失败！"
    }
  ],
  "index/ProxyNodes/editNodeSiteLimit": [
    {
      "name": "修改共享类节点网站上限",
      "module": "资源管理",
      "error_code": 0,
      "type": "update",
      "status": "info",
      "params": [],
      "content": "节点网站上限已修改成功"
    },
    {
      "name": "修改共享类节点网站上限",
      "module": "资源管理",
      "error_code": 13001,
      "type": "update",
      "status": "notice",
      "params": [],
      "content": "节点不存在！"
    },
    {
      "name": "修改共享类节点网站上限",
      "module": "资源管理",
      "error_code": 11023,
      "type": "update",
      "status": "notice",
      "params": [],
      "content": "节点类型错误！"
    },
    {
      "name": "修改共享类节点网站上限",
      "module": "资源管理",
      "error_code": 11021,
      "type": "update",
      "status": "notice",
      "params": [],
      "content": "节点网站上限不得小于当前上限！"
    },
    {
      "name": "修改共享类节点网站上限",
      "module": "资源管理",
      "error_code": 20000,
      "type": "update",
      "status": "error",
      "params": [],
      "content": "节点网站上限修改失败！"
    }
  ],
  "index/DnsNodes/create": [
    {
      "name": "新增DNS节点",
      "module": "资源管理",
      "error_code": 0,
      "type": "create",
      "status": "info",
      "params": [],
      "content": "DNS节点已新增成功"
    },
    {
      "name": "新增DNS节点",
      "module": "资源管理",
      "error_code": 11024,
      "type": "create",
      "status": "notice",
      "params": [],
      "content": "DNS节点配置有误"
    },
    {
      "name": "新增DNS节点",
      "module": "资源管理",
      "error_code": 11025,
      "type": "create",
      "status": "notice",
      "params": [],
      "content": "DNS节点添加重复"
    },
    {
      "name": "新增DNS节点",
      "module": "资源管理",
      "error_code": 20000,
      "type": "create",
      "status": "error",
      "params": [],
      "content": "DNS节点新增失败！"
    }
  ],
  "index/DnsNodes/bundleDelete": [
    {
      "name": "删除DNS节点",
      "module": "资源管理",
      "error_code": 0,
      "type": "delete",
      "status": "info",
      "params": [],
      "content": "DNS节点已删除成功"
    },
    {
      "name": "删除DNS节点",
      "module": "资源管理",
      "error_code": 11000,
      "type": "delete",
      "status": "notice",
      "params": [],
      "content": "参数不合法！"
    },
    {
      "name": "删除DNS节点",
      "module": "资源管理",
      "error_code": 20000,
      "type": "delete",
      "status": "error",
      "params": [],
      "content": "DNS节点删除失败！"
    }
  ],
  "index/Support.Support/create": [
    {
      "name": "新增技术支持",
      "module": "技术支持管理",
      "error_code": 0,
      "type": "create",
      "status": "info",
      "params": [
        "name"
      ],
      "content": "技术支持{name}已新增成功"
    },
    {
      "name": "新增技术支持",
      "module": "技术支持管理",
      "error_code": 11000,
      "type": "create",
      "status": "notice",
      "params": [],
      "content": "参数不合法！"
    },
    {
      "name": "新增技术支持",
      "module": "技术支持管理",
      "error_code": 11026,
      "type": "create",
      "status": "notice",
      "params": [],
      "content": "QQ已存在！"
    },
    {
      "name": "新增技术支持",
      "module": "技术支持管理",
      "error_code": 20000,
      "type": "create",
      "status": "error",
      "params": [],
      "content": "技术支持新增失败！"
    }
  ],
  "index/Support.Support/update": [
    {
      "name": "修改技术支持",
      "module": "技术支持管理",
      "error_code": 0,
      "type": "update",
      "status": "info",
      "params": [
        "name"
      ],
      "content": "技术支持{name}已修改成功"
    },
    {
      "name": "修改技术支持",
      "module": "技术支持管理",
      "error_code": 11000,
      "type": "update",
      "status": "notice",
      "params": [],
      "content": "参数不合法！"
    },
    {
      "name": "修改技术支持",
      "module": "技术支持管理",
      "error_code": 13001,
      "type": "update",
      "status": "notice",
      "params": [],
      "content": "该技术支持不存在！"
    },
    {
      "name": "修改技术支持",
      "module": "技术支持管理",
      "error_code": 11026,
      "type": "update",
      "status": "notice",
      "params": [],
      "content": "QQ已存在！"
    },
    {
      "name": "修改技术支持",
      "module": "技术支持管理",
      "error_code": 20000,
      "type": "update",
      "status": "error",
      "params": [],
      "content": "技术支持修改失败！"
    }
  ],
  "index/Support.Support/bundleDelete": [
    {
      "name": "删除技术支持",
      "module": "技术支持管理",
      "error_code": 0,
      "type": "delete",
      "status": "info",
      "params": [],
      "content": "技术支持已删除成功"
    },
    {
      "name": "删除技术支持",
      "module": "技术支持管理",
      "error_code": 11000,
      "type": "delete",
      "status": "notice",
      "params": [],
      "content": "参数不合法！"
    },
    {
      "name": "删除技术支持",
      "module": "技术支持管理",
      "error_code": 20000,
      "type": "delete",
      "status": "error",
      "params": [],
      "content": "技术支持删除失败！"
    }
  ],
  "client/Order/create": [
    {
      "name": "新增订单",
      "module": "订单管理",
      "error_code": 0,
      "type": "create",
      "status": "info",
      "params": [
        "email",
        "order_id"
      ],
      "content": "用户{email}新增订单{order_id}成功"
    },
    {
      "name": "新增订单",
      "module": "订单管理",
      "error_code": 11000,
      "type": "create",
      "status": "notice",
      "params": [],
      "content": "参数不合法！"
    },
    {
      "name": "新增订单",
      "module": "订单管理",
      "error_code": 11027,
      "type": "create",
      "status": "notice",
      "params": [
        "product_name"
      ],
      "content": "{product_name}已下架！"
    },
    {
      "name": "新增订单",
      "module": "订单管理",
      "error_code": 11028,
      "type": "create",
      "status": "notice",
      "params": [
        "product_name"
      ],
      "content": "{product_name}的库存不足！"
    },
    {
      "name": "新增订单",
      "module": "订单管理",
      "error_code": 20000,
      "type": "create",
      "status": "error",
      "params": [
        "email"
      ],
      "content": "用户{email}新增订单失败！"
    }
  ],
  "client/Order/destroy": [
    {
      "name": "作废订单",
      "module": "订单管理",
      "error_code": 0,
      "type": "update",
      "status": "info",
      "params": [
        "email",
        "order_id"
      ],
      "content": "用户{email}作废订单{order_id}成功"
    },
    {
      "name": "作废订单",
      "module": "订单管理",
      "error_code": 13001,
      "type": "update",
      "status": "notice",
      "params": [
        "order_id"
      ],
      "content": "订单{order_id}不存在！"
    },
    {
      "name": "作废订单",
      "module": "订单管理",
      "error_code": 20000,
      "type": "update",
      "status": "error",
      "params": [
        "email",
        "order_id"
      ],
      "content": "用户{email}作废订单{order_id}失败！"
    }
  ],
  "client/Pay/status": [
    {
      "name": "获取订单支付状态",
      "module": "支付管理",
      "error_code": 0,
      "type": "select",
      "status": "info",
      "params": [
        "email",
        "orderId"
      ],
      "content": "用户{email}获取订单{orderId}支付状态成功"
    },
    {
      "name": "获取订单支付状态",
      "module": "支付管理",
      "error_code": 11000,
      "type": "select",
      "status": "notice",
      "params": [],
      "content": "参数不合法！"
    },
    {
      "name": "获取订单支付状态",
      "module": "支付管理",
      "error_code": 13001,
      "type": "select",
      "status": "notice",
      "params": [
        "orderId"
      ],
      "content": "未找到订单{orderId}！"
    },
    {
      "name": "获取订单支付状态",
      "module": "支付管理",
      "error_code": 20000,
      "type": "select",
      "status": "error",
      "params": [
        "email",
        "orderId"
      ],
      "content": "用户{email}获取订单{orderId}支付状态失败！"
    },
    {
      "name": "获取订单支付状态",
      "module": "支付管理",
      "error_code": 11029,
      "type": "select",
      "status": "error",
      "params": [
        "email",
        "orderId"
      ],
      "content": "用户{email}更新订单{orderId}失败！"
    }
  ],
  "client/Pay/remaining": [
    {
      "name": "余额支付",
      "module": "支付管理",
      "error_code": 0,
      "type": "update",
      "status": "info",
      "params": [
        "email",
        "order_id"
      ],
      "content": "用户{email}余额支付订单{order_id}成功"
    },
    {
      "name": "余额支付",
      "module": "支付管理",
      "error_code": 11000,
      "type": "update",
      "status": "notice",
      "params": [],
      "content": "参数不合法！"
    },
    {
      "name": "余额支付",
      "module": "支付管理",
      "error_code": 13001,
      "type": "update",
      "status": "notice",
      "params": [
        "order_id"
      ],
      "content": "未找到该订单{order_id}！"
    },
    {
      "name": "余额支付",
      "module": "支付管理",
      "error_code": 20000,
      "type": "update",
      "status": "error",
      "params": [
        "email",
        "order_id"
      ],
      "content": "用户{email}余额支付订单{order_id}失败！"
    },
    {
      "name": "余额支付",
      "module": "支付管理",
      "error_code": 11029,
      "type": "update",
      "status": "error",
      "params": [
        "email",
        "order_id"
      ],
      "content": "用户{email}余额支付订单{order_id}时订单更新失败！"
    },
    {
      "name": "余额支付",
      "module": "支付管理",
      "error_code": 11030,
      "type": "update",
      "status": "error",
      "params": [
        "order_id"
      ],
      "content": "订单{order_id}已支付不能再次进行支付！"
    },
    {
      "name": "余额支付",
      "module": "支付管理",
      "error_code": 11031,
      "type": "update",
      "status": "notice",
      "params": [
        "email",
        "order_id"
      ],
      "content": "用户{email}支付订单{order_id}时余额不足！"
    }
  ],
  "client/Servers/serverPrice": [
    {
      "name": "计算高防实例价格",
      "module": "高防实例",
      "error_code": 11000,
      "type": "select",
      "status": "notice",
      "params": [],
      "content": "参数不合法！"
    }
  ],
  "client/DDoS/bundleDelete": [
    {
      "name": "删除高防实例",
      "module": "高防实例",
      "error_code": 0,
      "type": "delete",
      "status": "info",
      "params": [
        "email"
      ],
      "content": "用户{email}删除高防实例成功"
    },
    {
      "name": "删除高防实例",
      "module": "高防实例",
      "error_code": 11000,
      "type": "delete",
      "status": "notice",
      "params": [],
      "content": "参数不合法！"
    },
    {
      "name": "删除高防实例",
      "module": "高防实例",
      "error_code": 20000,
      "type": "delete",
      "status": "error",
      "params": [
        "email"
      ],
      "content": "用户{email}删除高防实例失败"
    },
    {
      "name": "删除高防实例",
      "module": "高防实例",
      "error_code": 13001,
      "type": "delete",
      "status": "notice",
      "params": [],
      "content": "未找到该实例！"
    },
    {
      "name": "删除高防实例",
      "module": "高防实例",
      "error_code": 11035,
      "type": "delete",
      "status": "notice",
      "params": [
        "email"
      ],
      "content": "用户{email}删除高防实例时删除站点失败！"
    },
    {
      "name": "删除高防实例",
      "module": "高防实例",
      "error_code": 11036,
      "type": "delete",
      "status": "notice",
      "params": [
        "email"
      ],
      "content": "用户{email}删除高防实例时删除应用失败！"
    }
  ],
  "client/Site/create": [
    {
      "name": "新增网站防护",
      "module": "网站防护",
      "error_code": 0,
      "type": "create",
      "status": "info",
      "params": [
        "email",
        "name"
      ],
      "content": "用户{email}新增网站防护{name}成功"
    },
    {
      "name": "新增网站防护",
      "module": "网站防护",
      "error_code": 11000,
      "type": "create",
      "status": "notice",
      "params": [
        "email",
        "name"
      ],
      "content": "用户{email}新增网站防护{name}时参数不合法！"
    },
    {
      "name": "新增网站防护",
      "module": "网站防护",
      "error_code": 11037,
      "type": "create",
      "status": "notice",
      "params": [
        "name"
      ],
      "content": "网站防护{name}已经存在！"
    },
    {
      "name": "新增网站防护",
      "module": "网站防护",
      "error_code": 11038,
      "type": "create",
      "status": "notice",
      "params": [
        "name"
      ],
      "content": "网站防护{name}的站点配置保存失败！"
    },
    {
      "name": "新增网站防护",
      "module": "网站防护",
      "error_code": 20000,
      "type": "create",
      "status": "notice",
      "params": [
        "name"
      ],
      "content": "网站防护{name}的站点新增失败！"
    }
  ],
  "client/Site/txtCode": [
    {
      "name": "获取txt类型记录值",
      "module": "网站防护",
      "error_code": 0,
      "type": "select",
      "status": "info",
      "params": [
        "email",
        "name"
      ],
      "content": "用户{email}获取网站防护{name}的TXT类型记录值成功"
    },
    {
      "name": "获取txt类型记录值",
      "module": "网站防护",
      "error_code": 11046,
      "type": "select",
      "status": "notice",
      "params": [
        "email",
        "name"
      ],
      "content": "用户{email}获取网站防护{name}的TXT类型记录值失败！"
    }
  ],
  "client/Site/txtcodeVerify": [
    {
      "name": "审核站点",
      "module": "网站防护",
      "error_code": 0,
      "type": "update",
      "status": "info",
      "params": [
        "email",
        "name"
      ],
      "content": "用户{email}的网站防护{name}状态已更新为已审核"
    },
    {
      "name": "审核站点",
      "module": "网站防护",
      "error_code": 11047,
      "type": "update",
      "status": "notice",
      "params": [
        "email",
        "name"
      ],
      "content": "用户{email}的网站防护{name}未找到！"
    },
    {
      "name": "审核站点",
      "module": "网站防护",
      "error_code": 11039,
      "type": "update",
      "status": "notice",
      "params": [
        "email",
        "name"
      ],
      "content": "用户{email}的网站防护{name}TXT记录值未找到！"
    },
    {
      "name": "审核站点",
      "module": "网站防护",
      "error_code": 11040,
      "type": "update",
      "status": "notice",
      "params": [
        "email",
        "name"
      ],
      "content": "用户{email}的网站防护{name}TXT记录未正确解析！"
    },
    {
      "name": "审核站点",
      "module": "网站防护",
      "error_code": 11041,
      "type": "update",
      "status": "notice",
      "params": [
        "email",
        "name"
      ],
      "content": "用户{email}的网站防护{name}解析TxTCode值不匹配！"
    },
    {
      "name": "审核站点",
      "module": "网站防护",
      "error_code": 11042,
      "type": "update",
      "status": "notice",
      "params": [
        "email",
        "name"
      ],
      "content": "用户{email}的网站防护{name}状态更新已审核状态失败"
    },
    {
      "name": "审核站点",
      "module": "网站防护",
      "error_code": 11043,
      "type": "update",
      "status": "notice",
      "params": [
        "email",
        "name"
      ],
      "content": "用户{email}的网站防护{name}TxTCode值校验失败"
    }
  ],
  "client/Site/linkup": [
    {
      "name": "接入站点",
      "module": "网站防护",
      "error_code": 0,
      "type": "update",
      "status": "info",
      "params": [
        "email",
        "name"
      ],
      "content": "用户{email}的网站防护{name}的接入成功"
    },
    {
      "name": "接入站点",
      "module": "网站防护",
      "error_code": 11049,
      "type": "update",
      "status": "notice",
      "params": [
        "name"
      ],
      "content": "接入网站防护{name}时参数不合法！"
    },
    {
      "name": "接入站点",
      "module": "网站防护",
      "error_code": 11048,
      "type": "update",
      "status": "notice",
      "params": [
        "email",
        "name"
      ],
      "content": "用户{email}接入网站防护{name}时站点不存在！"
    },
    {
      "name": "接入站点",
      "module": "网站防护",
      "error_code": 11050,
      "type": "update",
      "status": "notice",
      "params": [
        "email",
        "name"
      ],
      "content": "用户{email}接入网站防护{name}时防护域名数不足！"
    },
    {
      "name": "接入站点",
      "module": "网站防护",
      "error_code": 11051,
      "type": "update",
      "status": "notice",
      "params": [
        "email",
        "name"
      ],
      "content": "用户{email}接入网站防护{name}时域名状态未通过审核！"
    },
    {
      "name": "接入站点",
      "module": "网站防护",
      "error_code": 11052,
      "type": "update",
      "status": "notice",
      "params": [
        "email",
        "name"
      ],
      "content": "用户{email}接入网站防护{name}时域名配置更新失败，状态无法更新为正在接入！"
    },
    {
      "name": "接入站点",
      "module": "网站防护",
      "error_code": 11053,
      "type": "update",
      "status": "notice",
      "params": [
        "email",
        "name"
      ],
      "content": "用户{email}接入网站防护{name}时写入ES配置失败！"
    },
    {
      "name": "接入站点",
      "module": "网站防护",
      "error_code": 11054,
      "type": "update",
      "status": "notice",
      "params": [
        "email",
        "name"
      ],
      "content": "用户{email}接入网站防护{name}时Proxy Conf 配置保存失败！"
    },
    {
      "name": "接入站点",
      "module": "网站防护",
      "error_code": 11055,
      "type": "update",
      "status": "notice",
      "params": [
        "email",
        "name"
      ],
      "content": "用户{email}接入网站防护{name}时DNS Node Info配置写入失败！"
    },
    {
      "name": "接入站点",
      "module": "网站防护",
      "error_code": 11056,
      "type": "update",
      "status": "notice",
      "params": [
        "email",
        "name"
      ],
      "content": "用户{email}接入网站防护{name}时DNS配置写入Zookeeper失败！"
    },
    {
      "name": "接入站点",
      "module": "网站防护",
      "error_code": 11057,
      "type": "update",
      "status": "notice",
      "params": [
        "email",
        "name"
      ],
      "content": "用户{email}接入网站防护{name}时转发设置写入Zookeeper失败！"
    },
    {
      "name": "接入站点",
      "module": "网站防护",
      "error_code": 11058,
      "type": "update",
      "status": "notice",
      "params": [
        "email",
        "name"
      ],
      "content": "用户{email}接入网站防护{name}时更新已接入状态失败！"
    },
    {
      "name": "接入站点",
      "module": "网站防护",
      "error_code": 11059,
      "type": "update",
      "status": "notice",
      "params": [
        "email",
        "name"
      ],
      "content": "用户{email}接入网站防护{name}失败！"
    }
  ],
  "client/Site/updateLinkUp": [
    {
      "name": "更新站点接入信息",
      "module": "网站防护",
      "error_code": 0,
      "type": "update",
      "status": "info",
      "params": [
        "email",
        "name"
      ],
      "content": "用户{email}的网站防护{name}接入信息更新成功"
    },
    {
      "name": "更新站点接入信息",
      "module": "网站防护",
      "error_code": 11060,
      "type": "update",
      "status": "notice",
      "params": [
        "email",
        "name"
      ],
      "content": "用户{email}更新网站防护{name}时参数不合法！"
    },
    {
      "name": "更新站点接入信息",
      "module": "网站防护",
      "error_code": 11061,
      "type": "update",
      "status": "notice",
      "params": [
        "email",
        "name"
      ],
      "content": "用户{email}的网站防护{name}不存在！"
    },
    {
      "name": "更新站点接入信息",
      "module": "网站防护",
      "error_code": 11062,
      "type": "update",
      "status": "notice",
      "params": [
        "email",
        "name"
      ],
      "content": "用户{email}更新网站防护{name}时防护域名数不足！"
    },
    {
      "name": "更新站点接入信息",
      "module": "网站防护",
      "error_code": 11063,
      "type": "update",
      "status": "notice",
      "params": [
        "email",
        "name"
      ],
      "content": "用户{email}更新网站防护{name}时移除DNS Conf 信息失败！"
    },
    {
      "name": "更新站点接入信息",
      "module": "网站防护",
      "error_code": 11064,
      "type": "update",
      "status": "notice",
      "params": [
        "email",
        "name"
      ],
      "content": "用户{email}更新网站防护{name}时移除Proxy Conf信息失败！"
    },
    {
      "name": "更新站点接入信息",
      "module": "网站防护",
      "error_code": 11065,
      "type": "update",
      "status": "notice",
      "params": [
        "email",
        "name"
      ],
      "content": "用户{email}更新网站防护{name}时ZK删除Proxy数据写入失败！"
    },
    {
      "name": "更新站点接入信息",
      "module": "网站防护",
      "error_code": 11066,
      "type": "update",
      "status": "notice",
      "params": [
        "email",
        "name"
      ],
      "content": "用户{email}更新网站防护{name}时更新用户实例域名接入数量失败！"
    },
    {
      "name": "更新站点接入信息",
      "module": "网站防护",
      "error_code": 11067,
      "type": "update",
      "status": "notice",
      "params": [
        "email",
        "name"
      ],
      "content": "用户{email}更新网站防护{name}时更新站点配置失败！"
    },
    {
      "name": "更新站点接入信息",
      "module": "网站防护",
      "error_code": 11068,
      "type": "update",
      "status": "notice",
      "params": [
        "email",
        "name"
      ],
      "content": "用户{email}更新网站防护{name}时Proxy Conf 配置保存失败！"
    },
    {
      "name": "更新站点接入信息",
      "module": "网站防护",
      "error_code": 11069,
      "type": "update",
      "status": "notice",
      "params": [
        "email",
        "name"
      ],
      "content": "用户{email}更新网站防护{name}时DNS Node Info配置写入失败！"
    },
    {
      "name": "更新站点接入信息",
      "module": "网站防护",
      "error_code": 11070,
      "type": "update",
      "status": "notice",
      "params": [
        "email",
        "name"
      ],
      "content": "用户{email}更新网站防护{name}时DNS配置信息写入失败！"
    },
    {
      "name": "更新站点接入信息",
      "module": "网站防护",
      "error_code": 11071,
      "type": "update",
      "status": "notice",
      "params": [
        "email",
        "name"
      ],
      "content": "用户{email}更新网站防护{name}时Proxy信息写入ZK失败！"
    },
    {
      "name": "更新站点接入信息",
      "module": "网站防护",
      "error_code": 11072,
      "type": "update",
      "status": "notice",
      "params": [
        "email",
        "name"
      ],
      "content": "用户{email}更新网站防护{name}失败！"
    },
    {
      "name": "更新站点接入信息",
      "module": "网站防护",
      "error_code": 11073,
      "type": "update",
      "status": "notice",
      "params": [
        "email",
        "name"
      ],
      "content": "用户{email}更新网站防护{name}时ZK删除DNS数据写入失败！"
    }
  ],
  "client/Site/bundleDelete": [
    {
      "name": "删除网站防护",
      "module": "网站防护",
      "error_code": 0,
      "type": "delete",
      "status": "info",
      "params": [
        "email"
      ],
      "content": "用户{email}删除网站防护成功！"
    },
    {
      "name": "删除网站防护",
      "module": "网站防护",
      "error_code": 11000,
      "type": "delete",
      "status": "notice",
      "params": [],
      "content": "参数不合法！"
    },
    {
      "name": "删除网站防护",
      "module": "网站防护",
      "error_code": 13001,
      "type": "delete",
      "status": "notice",
      "params": [],
      "content": "站点不存在！"
    },
    {
      "name": "删除网站防护",
      "module": "网站防护",
      "error_code": 11064,
      "type": "delete",
      "status": "notice",
      "params": [],
      "content": "移除Proxy Conf信息失败！"
    },
    {
      "name": "删除网站防护",
      "module": "网站防护",
      "error_code": 11063,
      "type": "delete",
      "status": "notice",
      "params": [],
      "content": "移除DNS Conf信息失败！"
    },
    {
      "name": "删除网站防护",
      "module": "网站防护",
      "error_code": 11073,
      "type": "delete",
      "status": "notice",
      "params": [],
      "content": "ZK删除DNS数据写入失败！"
    },
    {
      "name": "删除网站防护",
      "module": "网站防护",
      "error_code": 11065,
      "type": "delete",
      "status": "notice",
      "params": [],
      "content": "ZK删除Proxy数据写入失败！"
    },
    {
      "name": "删除网站防护",
      "module": "网站防护",
      "error_code": 11066,
      "type": "delete",
      "status": "notice",
      "params": [],
      "content": "更新用户实例域名接入数量失败！"
    },
    {
      "name": "删除网站防护",
      "module": "网站防护",
      "error_code": 11074,
      "type": "delete",
      "status": "notice",
      "params": [],
      "content": "站点删除失败！"
    }
  ],
  "client/Site/update": [
    {
      "name": "更新网站防护",
      "module": "网站防护",
      "error_code": 0,
      "type": "update",
      "status": "info",
      "params": [
        "email"
      ],
      "content": "用户{email}更新网站防护成功！"
    },
    {
      "name": "更新网站防护",
      "module": "网站防护",
      "error_code": 13001,
      "type": "update",
      "status": "notice",
      "params": [],
      "content": "站点不存在！"
    },
    {
      "name": "更新网站防护",
      "module": "网站防护",
      "error_code": 11065,
      "type": "update",
      "status": "notice",
      "params": [],
      "content": "移除HTTPS配置失败！"
    },
    {
      "name": "更新网站防护",
      "module": "网站防护",
      "error_code": 11075,
      "type": "update",
      "status": "notice",
      "params": [],
      "content": "更新站点配置失败！"
    },
    {
      "name": "更新网站防护",
      "module": "网站防护",
      "error_code": 11054,
      "type": "update",
      "status": "notice",
      "params": [],
      "content": "Proxy Conf配置保存失败！"
    },
    {
      "name": "更新网站防护",
      "module": "网站防护",
      "error_code": 11057,
      "type": "update",
      "status": "notice",
      "params": [],
      "content": "Proxy信息写入ZK失败！"
    },
    {
      "name": "更新网站防护",
      "module": "网站防护",
      "error_code": 11059,
      "type": "update",
      "status": "notice",
      "params": [],
      "content": "网站防护更新失败！"
    }
  ],
  "client/Port/create": [
    {
      "name": "新增应用防护",
      "module": "应用防护",
      "error_code": 0,
      "type": "create",
      "status": "info",
      "params": [
        "email",
        "server_ips"
      ],
      "content": "用户{email}新增应用防护{server_ips}成功！"
    },
    {
      "name": "新增应用防护",
      "module": "应用防护",
      "error_code": 11076,
      "type": "create",
      "status": "notice",
      "params": [],
      "content": "参数不合法！"
    },
    {
      "name": "新增应用防护",
      "module": "应用防护",
      "error_code": 11077,
      "type": "create",
      "status": "notice",
      "params": [],
      "content": "转发端口输入非法！"
    },
    {
      "name": "新增应用防护",
      "module": "应用防护",
      "error_code": 11078,
      "type": "create",
      "status": "notice",
      "params": [],
      "content": "超过代理端口允许范围！"
    },
    {
      "name": "新增应用防护",
      "module": "应用防护",
      "error_code": 11079,
      "type": "create",
      "status": "notice",
      "params": [],
      "content": "转发端口已存在,不能选择全部！"
    },
    {
      "name": "新增应用防护",
      "module": "应用防护",
      "error_code": 11080,
      "type": "create",
      "status": "notice",
      "params": [],
      "content": "新应用配置保存失败！"
    },
    {
      "name": "新增应用防护",
      "module": "应用防护",
      "error_code": 11081,
      "type": "create",
      "status": "notice",
      "params": [],
      "content": "更新实例接入信息失败！"
    },
    {
      "name": "新增应用防护",
      "module": "应用防护",
      "error_code": 11082,
      "type": "create",
      "status": "notice",
      "params": [],
      "content": "HD Conf配置保存失败！"
    },
    {
      "name": "新增应用防护",
      "module": "应用防护",
      "error_code": 11083,
      "type": "create",
      "status": "notice",
      "params": [],
      "content": "新转发配置写入ZK失败！"
    },
    {
      "name": "新增应用防护",
      "module": "应用防护",
      "error_code": 11084,
      "type": "create",
      "status": "error",
      "params": [],
      "content": "更新域名状态失败！"
    },
    {
      "name": "新增应用防护",
      "module": "应用防护",
      "error_code": 11085,
      "type": "create",
      "status": "error",
      "params": [],
      "content": "应用创建失败！"
    }
  ],
  "client/Port/updateLinkUp": [
    {
      "name": "更新应用接入信息",
      "module": "应用防护",
      "error_code": 0,
      "type": "update",
      "status": "error",
      "params": [
        "id"
      ],
      "content": "应用{id}接入信息更新成功！"
    },
    {
      "name": "更新应用接入信息",
      "module": "应用防护",
      "error_code": 11086,
      "type": "update",
      "status": "notice",
      "params": [],
      "content": "参数不合法！"
    },
    {
      "name": "更新应用接入信息",
      "module": "应用防护",
      "error_code": 11087,
      "type": "update",
      "status": "notice",
      "params": [
        "id"
      ],
      "content": "应用{id}不存在！"
    },
    {
      "name": "更新应用接入信息",
      "module": "应用防护",
      "error_code": 11077,
      "type": "update",
      "status": "notice",
      "params": [],
      "content": "转发端口输入非法！"
    },
    {
      "name": "更新应用接入信息",
      "module": "应用防护",
      "error_code": 11078,
      "type": "update",
      "status": "notice",
      "params": [],
      "content": "超过代理端口允许范围！"
    },
    {
      "name": "更新应用接入信息",
      "module": "应用防护",
      "error_code": 11079,
      "type": "update",
      "status": "notice",
      "params": [],
      "content": "端口已存在！"
    },
    {
      "name": "更新应用接入信息",
      "module": "应用防护",
      "error_code": 11088,
      "type": "update",
      "status": "notice",
      "params": [],
      "content": "移除ZK Proxy Conf信息失败！"
    },
    {
      "name": "更新应用接入信息",
      "module": "应用防护",
      "error_code": 11089,
      "type": "update",
      "status": "notice",
      "params": [],
      "content": "Proxy Conf配置更新失败！"
    },
    {
      "name": "更新应用接入信息",
      "module": "应用防护",
      "error_code": 11090,
      "type": "update",
      "status": "notice",
      "params": [],
      "content": "减少用户实例的端口接入数量失败！"
    },
    {
      "name": "更新应用接入信息",
      "module": "应用防护",
      "error_code": 11091,
      "type": "update",
      "status": "notice",
      "params": [],
      "content": "更新应用接入配置失败！"
    },
    {
      "name": "更新应用接入信息",
      "module": "应用防护",
      "error_code": 11081,
      "type": "update",
      "status": "notice",
      "params": [],
      "content": "更新实例接入信息失败！"
    },
    {
      "name": "更新应用接入信息",
      "module": "应用防护",
      "error_code": 11082,
      "type": "update",
      "status": "notice",
      "params": [],
      "content": "HD Conf配置保存失败！"
    },
    {
      "name": "更新应用接入信息",
      "module": "应用防护",
      "error_code": 11083,
      "type": "update",
      "status": "notice",
      "params": [],
      "content": "新转发配置写入ZK失败！"
    },
    {
      "name": "更新应用接入信息",
      "module": "应用防护",
      "error_code": 11092,
      "type": "update",
      "status": "notice",
      "params": [],
      "content": "ZK DNS Conf写入失败！"
    },
    {
      "name": "更新应用接入信息",
      "module": "应用防护",
      "error_code": 11084,
      "type": "update",
      "status": "error",
      "params": [],
      "content": "应用接入信息更新失败！"
    }
  ],
  "client/Port/updateConf": [
    {
      "name": "更新应用基础配置",
      "module": "应用防护",
      "error_code": 0,
      "type": "update",
      "status": "info",
      "params": [
        "id"
      ],
      "content": "应用{id}更新成功！"
    },
    {
      "name": "更新应用基础配置",
      "module": "应用防护",
      "error_code": 11086,
      "type": "update",
      "status": "notice",
      "params": [],
      "content": "参数不合法！"
    },
    {
      "name": "更新应用基础配置",
      "module": "应用防护",
      "error_code": 11087,
      "type": "update",
      "status": "notice",
      "params": [],
      "content": "应用不存在！"
    },
    {
      "name": "更新应用基础配置",
      "module": "应用防护",
      "error_code": 11091,
      "type": "update",
      "status": "notice",
      "params": [],
      "content": "更新应用基础配置失败！"
    },
    {
      "name": "更新应用基础配置",
      "module": "应用防护",
      "error_code": 11082,
      "type": "update",
      "status": "notice",
      "params": [],
      "content": "HD Conf配置保存失败！"
    },
    {
      "name": "更新应用基础配置",
      "module": "应用防护",
      "error_code": 11083,
      "type": "update",
      "status": "notice",
      "params": [],
      "content": "ZK Proxy Conf写入失败！"
    },
    {
      "name": "更新应用基础配置",
      "module": "应用防护",
      "error_code": 11084,
      "type": "update",
      "status": "error",
      "params": [
        "id"
      ],
      "content": "应用{id}更新失败！"
    }
  ],
  "client/Port/bundleDelete": [
    {
      "name": "删除应用防护",
      "module": "应用防护",
      "error_code": 0,
      "type": "delete",
      "status": "info",
      "params": [],
      "content": "应用删除成功！"
    },
    {
      "name": "删除应用防护",
      "module": "应用防护",
      "error_code": 11000,
      "type": "delete",
      "status": "notice",
      "params": [],
      "content": "参数不合法！"
    },
    {
      "name": "删除应用防护",
      "module": "应用防护",
      "error_code": 11087,
      "type": "delete",
      "status": "notice",
      "params": [],
      "content": "应用不存在！"
    },
    {
      "name": "删除应用防护",
      "module": "应用防护",
      "error_code": 11088,
      "type": "delete",
      "status": "notice",
      "params": [],
      "content": "移除ZK Proxy Conf信息失败！"
    },
    {
      "name": "删除应用防护",
      "module": "应用防护",
      "error_code": 11089,
      "type": "delete",
      "status": "notice",
      "params": [],
      "content": "Proxy Conf配置更新失败！"
    },
    {
      "name": "删除应用防护",
      "module": "应用防护",
      "error_code": 11090,
      "type": "delete",
      "status": "notice",
      "params": [],
      "content": "减少用户实例的端口接入数量失败！"
    },
    {
      "name": "删除应用防护",
      "module": "应用防护",
      "error_code": 11093,
      "type": "delete",
      "status": "notice",
      "params": [],
      "content": "应用删除失败！"
    }
  ],
  "agent/Auth.RegisterController/doRegister": [
    {
      "name": "注册",
      "module": "登录 & 注册",
      "error_code": 0,
      "type": "create",
      "status": "info",
      "params": [
        "user_mobile"
      ],
      "content": "代理商{user_mobile}注册成功！"
    },
    {
      "name": "注册",
      "module": "登录 & 注册",
      "error_code": 11000,
      "type": "create",
      "status": "notice",
      "params": [],
      "content": "参数不合法！"
    },
    {
      "name": "注册",
      "module": "登录 & 注册",
      "error_code": 14200,
      "type": "create",
      "status": "notice",
      "params": [
        "user_mobile"
      ],
      "content": "代理商{user_mobile}注册失败！"
    },
    {
      "name": "注册",
      "module": "登录 & 注册",
      "error_code": 14001,
      "type": "create",
      "status": "notice",
      "params": [],
      "content": "请求无效！"
    }
  ],
  "agent/Auth.LoginController/doLogin": [
    {
      "name": "登录",
      "module": "登录 & 注册",
      "error_code": 0,
      "type": "select",
      "status": "info",
      "params": [
        "name"
      ],
      "content": "代理商{name}登录成功！"
    },
    {
      "name": "登录",
      "module": "登录 & 注册",
      "error_code": 11000,
      "type": "select",
      "status": "notice",
      "params": [],
      "content": "参数不合法！"
    },
    {
      "name": "登录",
      "module": "登录 & 注册",
      "error_code": 10003,
      "type": "select",
      "status": "notice",
      "params": [],
      "content": "密码错误！"
    },
    {
      "name": "登录",
      "module": "登录 & 注册",
      "error_code": 13001,
      "type": "select",
      "status": "notice",
      "params": [],
      "content": "账户不存在！"
    },
    {
      "name": "登录",
      "module": "登录 & 注册",
      "error_code": 11094,
      "type": "select",
      "status": "notice",
      "params": [
        "name",
        "minutes"
      ],
      "content": "代理商{name}登录错误次数过多,{minutes}分钟后重试！"
    },
    {
      "name": "登录",
      "module": "登录 & 注册",
      "error_code": 11032,
      "type": "select",
      "status": "notice",
      "params": [],
      "content": "刷新重试！"
    },
    {
      "name": "登录",
      "module": "登录 & 注册",
      "error_code": 14001,
      "type": "select",
      "status": "notice",
      "params": [],
      "content": "非法请求！"
    }
  ],
  "agent/IndexController/logout": [
    {
      "name": "退出登录",
      "module": "登录 & 注册",
      "error_code": 0,
      "type": "select",
      "status": "info",
      "params": [],
      "content": "退出登录成功！"
    }
  ],
  "agent/User.WithDrawController/update": [
    {
      "name": "提现账号设置",
      "module": "资产管理",
      "error_code": 0,
      "type": "update",
      "status": "info",
      "params": [
        "name"
      ],
      "content": "代理商{name}的提现账号设置成功"
    },
    {
      "name": "提现账号设置",
      "module": "资产管理",
      "error_code": 11000,
      "type": "update",
      "status": "notice",
      "params": [],
      "content": "参数不合法！"
    },
    {
      "name": "提现账号设置",
      "module": "资产管理",
      "error_code": 14001,
      "type": "update",
      "status": "notice",
      "params": [],
      "content": "非法操作！"
    },
    {
      "name": "提现账号设置",
      "module": "资产管理",
      "error_code": 20000,
      "type": "update",
      "status": "notice",
      "params": [
        "name"
      ],
      "content": "代理商{name}的提现账号设置失败！"
    }
  ],
  "agent/User.CashOutController/create": [
    {
      "name": "提现",
      "module": "资产管理",
      "error_code": 0,
      "type": "create",
      "status": "info",
      "params": [
        "name"
      ],
      "content": "代理商{name}提现成功"
    },
    {
      "name": "提现",
      "module": "资产管理",
      "error_code": 20000,
      "type": "create",
      "status": "error",
      "params": [
        "name"
      ],
      "content": "代理商{name}提现失败！"
    },
    {
      "name": "提现",
      "module": "资产管理",
      "error_code": 14001,
      "type": "create",
      "status": "notice",
      "params": [],
      "content": "非法操作！"
    }
  ],
  "agent/Profile.ProfileController/putRealNameAuthentication": [
    {
      "name": "实名认证",
      "module": "设置",
      "error_code": 0,
      "type": "update",
      "status": "info",
      "params": [
        "name"
      ],
      "content": "代理商{name}实名认证成功"
    },
    {
      "name": "实名认证",
      "module": "设置",
      "error_code": 11000,
      "type": "update",
      "status": "notice",
      "params": [],
      "content": "参数不合法！"
    },
    {
      "name": "实名认证",
      "module": "设置",
      "error_code": 13001,
      "type": "update",
      "status": "notice",
      "params": [
        "name"
      ],
      "content": "找不到该代理商{name}！"
    },
    {
      "name": "实名认证",
      "module": "设置",
      "error_code": 20000,
      "type": "update",
      "status": "error",
      "params": [
        "name"
      ],
      "content": "代理商{name}实名认证失败！"
    }
  ],
  "agent/Auth.PasswordController/update": [
    {
      "name": "密码重置",
      "module": "设置",
      "error_code": 0,
      "type": "update",
      "status": "info",
      "params": [
        "name"
      ],
      "content": "代理商{name}修改密码成功"
    },
    {
      "name": "密码重置",
      "module": "设置",
      "error_code": 11000,
      "type": "update",
      "status": "notice",
      "params": [],
      "content": "参数不合法！"
    },
    {
      "name": "密码重置",
      "module": "设置",
      "error_code": 11003,
      "type": "update",
      "status": "notice",
      "params": [],
      "content": "验证码错误！"
    },
    {
      "name": "密码重置",
      "module": "设置",
      "error_code": 14001,
      "type": "update",
      "status": "notice",
      "params": [],
      "content": "非法操作！"
    }
  ],
  "index/Customs/update": [
    {
      "name": "修改用户详情",
      "module": "用户管理",
      "error_code": 0,
      "type": "update",
      "status": "info",
      "params": [
        "email"
      ],
      "content": "管理员修改用户{email}修改详情成功"
    },
    {
      "name": "修改用户详情",
      "module": "用户管理",
      "error_code": 11000,
      "type": "update",
      "status": "notice",
      "params": [],
      "content": "参数不合法！"
    },
    {
      "name": "修改用户详情",
      "module": "用户管理",
      "error_code": 13001,
      "type": "update",
      "status": "notice",
      "params": [],
      "content": "该用户不存在！"
    },
    {
      "name": "修改用户详情",
      "module": "用户管理",
      "error_code": 20000,
      "type": "update",
      "status": "error",
      "params": [],
      "content": "数据库操作失败！"
    }
  ],
  "index/Customs/password": [
    {
      "name": "修改用户密码",
      "module": "用户管理",
      "error_code": 0,
      "type": "update",
      "status": "info",
      "params": [
        "email"
      ],
      "content": "管理员修改用户{email}修改密码成功"
    },
    {
      "name": "修改用户密码",
      "module": "用户管理",
      "error_code": 11000,
      "type": "update",
      "status": "notice",
      "params": [],
      "content": "参数不合法！"
    },
    {
      "name": "修改用户密码",
      "module": "用户管理",
      "error_code": 13001,
      "type": "update",
      "status": "notice",
      "params": [],
      "content": "该用户不存在！"
    },
    {
      "name": "修改用户密码",
      "module": "用户管理",
      "error_code": 20000,
      "type": "update",
      "status": "error",
      "params": [],
      "content": "数据库操作失败！"
    }
  ],
  "client/Invoice/create": [
    {
      "name": "申请开票",
      "module": "订单管理",
      "error_code": 0,
      "type": "create",
      "status": "info",
      "params": [
        "email"
      ],
      "content": "用户{email}申请开票成功"
    },
    {
      "name": "申请开票",
      "module": "订单管理",
      "error_code": 11000,
      "type": "update",
      "status": "notice",
      "params": [],
      "content": "参数不合法！"
    },
    {
      "name": "申请开票",
      "module": "订单管理",
      "error_code": 20000,
      "type": "update",
      "status": "error",
      "params": [],
      "content": "数据库操作失败！"
    }
  ],
  "client/Invoice/finish": [
    {
      "name": "收到发票",
      "module": "订单管理",
      "error_code": 0,
      "type": "create",
      "status": "info",
      "params": [
        "email"
      ],
      "content": "用户{email}已收到发票"
    },
    {
      "name": "收到发票",
      "module": "订单管理",
      "error_code": 11000,
      "type": "update",
      "status": "notice",
      "params": [],
      "content": "参数不合法！"
    },
    {
      "name": "收到发票",
      "module": "订单管理",
      "error_code": 20000,
      "type": "update",
      "status": "error",
      "params": [],
      "content": "数据库操作失败！"
    }
  ],
  "index/Invoice/agree": [
    {
      "name": "审批通过",
      "module": "开票管理",
      "error_code": 0,
      "type": "create",
      "status": "info",
      "params": [
        "email",
        "id"
      ],
      "content": "管理员{email}已审批通过开票申请{id}"
    },
    {
      "name": "审批通过",
      "module": "开票管理",
      "error_code": 11000,
      "type": "update",
      "status": "notice",
      "params": [],
      "content": "参数不合法！"
    },
    {
      "name": "审批通过",
      "module": "开票管理",
      "error_code": 20000,
      "type": "update",
      "status": "error",
      "params": [],
      "content": "数据库操作失败！"
    }
  ],
  "index/Invoice/track": [
    {
      "name": "快递发票",
      "module": "开票管理",
      "error_code": 0,
      "type": "create",
      "status": "info",
      "params": [
        "email",
        "id"
      ],
      "content": "管理员{email}已为开票申请{id}提交快递信息"
    },
    {
      "name": "快递发票",
      "module": "开票管理",
      "error_code": 11000,
      "type": "update",
      "status": "notice",
      "params": [],
      "content": "参数不合法！"
    },
    {
      "name": "快递发票",
      "module": "开票管理",
      "error_code": 20000,
      "type": "update",
      "status": "error",
      "params": [],
      "content": "数据库操作失败！"
    }
  ],
  "index/Invoice/reject": [
    {
      "name": "拒绝开票申请",
      "module": "开票管理",
      "error_code": 0,
      "type": "create",
      "status": "info",
      "params": [
        "email",
        "id"
      ],
      "content": "管理员{email}已拒绝开票申请{id}"
    },
    {
      "name": "拒绝开票申请",
      "module": "开票管理",
      "error_code": 11000,
      "type": "update",
      "status": "notice",
      "params": [],
      "content": "参数不合法！"
    },
    {
      "name": "拒绝开票申请",
      "module": "开票管理",
      "error_code": 20000,
      "type": "update",
      "status": "error",
      "params": [],
      "content": "数据库操作失败！"
    }
  ],
  "index/Customs/resetRealName": [
    {
      "name": "重置用户实名认证",
      "module": "用户管理",
      "error_code": 0,
      "type": "update",
      "status": "info",
      "params": [
        "email",
        "username"
      ],
      "content": "管理员{email}已充值用户{username}的实名认证"
    },
    {
      "name": "重置用户实名认证",
      "module": "用户管理",
      "error_code": 13001,
      "type": "update",
      "status": "notice",
      "params": [],
      "content": "客户不存在！"
    },
    {
      "name": "重置用户实名认证",
      "module": "用户管理",
      "error_code": 11094,
      "type": "update",
      "status": "notice",
      "params": [
        "username"
      ],
      "content": "该客户{username}并未实名认证！"
    },
    {
      "name": "重置用户实名认证",
      "module": "用户管理",
      "error_code": 20000,
      "type": "update",
      "status": "error",
      "params": [],
      "content": "数据库操作失败！"
    }
  ]
}
