[
  {
    "product_id": 1,
    "product_name": "网站共享",
    "product_type": "实例",
    "product_description": "网站防护专用实例",
    "on_sale": 1,
    "attributes": [
      {
        "name": "area",
        "label": "地区",
        "type": "离散属性",
        "description": ""
      },
      {
        "name": "line",
        "label": "线路",
        "type": "离散属性",
        "description": ""
      },
      {
        "name": "base_bandwidth",
        "label": "保底带宽",
        "type": "离散计费属性",
        "description": ""
      },
      {
        "name": "normal_bandwidth",
        "label": "业务宽带",
        "type": "离散计费属性",
        "description": ""
      },
      {
        "name": "bandwidth",
        "label": "弹性宽带",
        "type": "用后计费属性",
        "description": ""
      },
      {
        "name": "site_count",
        "label": "防护域名数",
        "type": "连续计费属性",
        "description": ""
      },
      {
        "name": "sp_num",
        "label": "购买数量",
        "type": "倍率计费属性",
        "description": ""
      },
      {
        "name": "sp_time",
        "label": "购买时长",
        "type": "倍率计费属性",
        "description": ""
      }
    ]
  },
  {
    "product_id": 2,
    "product_name": "网站独享",
    "product_type": "实例",
    "product_description": "网站独享专用实例",
    "on_sale": 1,
    "attributes": [
      {
        "name": "area",
        "label": "地区",
        "type": "离散属性",
        "description": ""
      },
      {
        "name": "line",
        "label": "线路",
        "type": "离散属性",
        "description": ""
      },
      {
        "name": "base_bandwidth",
        "label": "保底带宽",
        "type": "离散计费属性",
        "description": ""
      },
      {
        "name": "normal_bandwidth",
        "label": "业务宽带",
        "type": "离散计费属性",
        "description": ""
      },
      {
        "name": "bandwidth",
        "label": "弹性宽带",
        "type": "用后计费属性",
        "description": ""
      },
      {
        "name": "sp_num",
        "label": "购买数量",
        "type": "倍率计费属性",
        "description": ""
      },
      {
        "name": "sp_time",
        "label": "购买时长",
        "type": "倍率计费属性",
        "description": ""
      }
    ]
  },
  {
    "product_id": 3,
    "product_name": "应用",
    "product_type": "实例",
    "product_description": "应用防护专用实例",
    "on_sale": 1,
    "attributes": [
      {
        "name": "area",
        "label": "地区",
        "type": "离散属性",
        "description": ""
      },
      {
        "name": "line",
        "label": "线路",
        "type": "离散属性",
        "description": ""
      },
      {
        "name": "base_bandwidth",
        "label": "保底带宽",
        "type": "离散计费属性",
        "description": ""
      },
      {
        "name": "normal_bandwidth",
        "label": "业务宽带",
        "type": "离散计费属性",
        "description": ""
      },
      {
        "name": "bandwidth",
        "label": "弹性宽带",
        "type": "用后计费属性",
        "description": ""
      },
      {
        "name": "sp_num",
        "label": "购买数量",
        "type": "倍率计费属性",
        "description": ""
      },
      {
        "name": "sp_time",
        "label": "购买时长",
        "type": "倍率计费属性",
        "description": ""
      }
    ]
  }
]
