[
  {
    "product_id": 1,
    "price_id": 1,
    "area": "山东",
    "line": "联通",
    "base_bandwidth": [
      {
        "bandwidth": "10G",
        "price": 10
      },
      {
        "bandwidth": "20G",
        "price": 20
      },
      {
        "bandwidth": "30G",
        "price": 25
      }
    ],
    "normal_bandwidth": [
      {
        "bandwidth": "10M",
        "price": 5
      },
      {
        "bandwidth": "20M",
        "price": 10
      },
      {
        "bandwidth": "30M",
        "price": 30
      }
    ],
    "bandwidth": [
      {
        "bandwidth": "10G",
        "price": 110
      },
      {
        "bandwidth": "30G",
        "price": 200
      }
    ],
    "site_count": [
      {
        "min": 1,
        "max": 50,
        "price": 10
      },
      {
        "min": 51,
        "max": 100,
        "price": 8
      }
    ],
    "sp_num": [
      {
        "min": 1,
        "max": 10,
        "price": 1
      },
      {
        "min": 11,
        "max": 20,
        "price": 0.8
      }
    ],
    "sp_time": [
      {
        "min": 1,
        "max": 6,
        "price": 1
      },
      {
        "min": 7,
        "max": 12,
        "price": 0.95
      }
    ],
    "stock":100000,
    "create_time": "2018-07-25T06:30:24.000Z"
  },
  {
    "product_id": 2,
    "price_id": 2,
    "area": "山东",
    "line": "联通",
    "base_bandwidth": [
      {
        "bandwidth": "10G",
        "price": 10
      },
      {
        "bandwidth": "20G",
        "price": 20
      },
      {
        "bandwidth": "30G",
        "price": 25
      },
      {
        "bandwidth": "40G",
        "price": 40
      }
    ],
    "normal_bandwidth": [
      {
        "bandwidth": "10M",
        "price": 5
      },
      {
        "bandwidth": "20M",
        "price": 10
      },
      {
        "bandwidth": "30M",
        "price": 30
      }
    ],
    "bandwidth": [
      {
        "bandwidth": "10G",
        "price": 110
      },
      {
        "bandwidth": "30G",
        "price": 200
      }
    ],
    "sp_num": [
      {
        "min": 1,
        "max": 10,
        "price": 1
      },
      {
        "min": 11,
        "max": 20,
        "price": 0.8
      }
    ],
    "sp_time": [
      {
        "min": 1,
        "max": 6,
        "price": 1
      },
      {
        "min": 7,
        "max": 12,
        "price": 0.95
      }
    ],
    "stock":2,
    "create_time": "2018-07-25T06:30:24.000Z"
  },
  {
    "product_id": 3,
    "price_id": 3,
    "area": "山东",
    "line": "联通",
    "base_bandwidth": [
      {
        "bandwidth": "10G",
        "price": 10
      },
      {
        "bandwidth": "20G",
        "price": 20
      },
      {
        "bandwidth": "30G",
        "price": 25
      },
      {
        "bandwidth": "40G",
        "price": 40
      },
      {
        "bandwidth": "50G",
        "price": 50
      }
    ],
    "normal_bandwidth": [
      {
        "bandwidth": "10M",
        "price": 5
      },
      {
        "bandwidth": "20M",
        "price": 10
      },
      {
        "bandwidth": "30M",
        "price": 30
      },
      {
        "bandwidth": "50M",
        "price": 40
      }
    ],
    "bandwidth": [
      {
        "bandwidth": "10G",
        "price": 110
      },
      {
        "bandwidth": "20G",
        "price": 200
      }
    ],
    "sp_num": [
      {
        "min": 1,
        "max": 10,
        "price": 1
      },
      {
        "min": 11,
        "max": 20,
        "price": 0.8
      }
    ],
    "sp_time": [
      {
        "min": 1,
        "max": 6,
        "price": 1
      },
      {
        "min": 7,
        "max": 12,
        "price": 0.95
      }
    ],
    "stock":2,
    "create_time": "2018-07-25T06:30:24.000Z"
  }
]
