[
  {
    "name": "销售1号",
    "nickname": "销售1号",
    "mobile": 18610875205,
    "qq": 1621125713,
    "wechat": 18610875205,
    "email": "jlin@veda.com",
    "type": 1,
    "type_name": "销售",
    "status": 1,
    "avatar": "/avatar/support-user1.png"
  },
  {
    "name": "技术1号",
    "nickname": "技术1号",
    "mobile": 18610875206,
    "qq": 1621125714,
    "wechat": 18610875206,
    "email": "sunhaolei@gmail.com",
    "type": 2,
    "type_name": "技术",
    "status": 1,
    "avatar": "/avatar/support-user2.png"
  },
  {
    "name": "技术2号",
    "nickname": "技术2号",
    "mobile": 18610875205,
    "qq": 1621125713,
    "wechat": 18610875206,
    "email": "sunhl@veda.com",
    "type": 2,
    "type_name": "技术",
    "status": 1,
    "avatar": "/avatar/support-user2.png"
  },
  {
    "name": "技术3号",
    "nickname": "技术3号",
    "mobile": 18610875205,
    "qq": 1621125713,
    "wechat": 18610875206,
    "email": "sunhl@veda.com",
    "type": 2,
    "type_name": "技术",
    "status": 1,
    "avatar": "/avatar/support-user2.png"
  },
  {
    "name": "技术4号",
    "nickname": "技术3号",
    "mobile": 18610875205,
    "qq": 1621125713,
    "wechat": 18610875206,
    "email": "sunhl@veda.com",
    "type": 2,
    "type_name": "技术",
    "status": 1,
    "avatar": "/avatar/support-user2.png"
  }
]